id,question,option,answer
1,强化学习是一种机器学习方法，其中智能体（agent）通过与环境交互并接收奖励信号来学习最佳行为策略。这种说法是否正确？（ ）,"{'A': True, 'B': False}",A
2,机器学习和深度学习都属于人工智能领域研究范畴。（ ）,"{'A': True, 'B': False}",A
3,深度神经网络（DNN）的性能总是随着隐藏层数量的增加而提高。（ ）,"{'A': True, 'B': False}",B
4,深度神经网络又叫全连接层网络。（ ）,"{'A': True, 'B': False}",A
5,CNN模型中的全连接层通常用于将卷积层提取的特征图转化为具体的类别输出。（ ）,"{'A': True, 'B': False}",A
6,卷积神经网络一般用于计算机视觉领域。（ ）,"{'A': True, 'B': False}",A
7,飞桨提供了丰富的预训练模型，用户可以直接下载使用而无需自己训练。（ ）,"{'A': True, 'B': False}",A
8,飞桨的API设计遵循简洁易用的原则，使得用户能够更快速地构建和部署深度学习模型。（ ）,"{'A': True, 'B': False}",A
9,深度学习模型训练时，损失函数的作用是衡量模型预测值与真实值之间的差异。（ ）,"{'A': True, 'B': False}",A
10,在使用飞桨（PaddlePaddle）进行模型训练时，批处理大小（batch size）的设置对模型性能没有影响。（ ）,"{'A': True, 'B': False}",B
